model,n,crps,pinball_floor,pinball_median,pinball_ceiling,brier_allstar,brier_bust,below_floor,above_ceiling,crps_vs_pick,crps_vs_pick_lo,crps_vs_pick_hi,crps_vs_knn,crps_vs_knn_lo,crps_vs_knn_hi
Pick only,420,0.3620039137990729,0.14329062019001493,0.24057894122539544,0.16447698833570043,0.0801295815903829,0.18690949713979854,0.24285714285714285,0.12857142857142856,0.0,0.0,0.0,-0.04467619067916549,-0.07213966137479932,-0.019780811951657432
Pick only + conformal,420,0.36153014782966775,0.14278009758629406,0.23778274608242972,0.1685802397778057,0.08016129118335436,0.18690978728342694,0.2369047619047619,0.10476190476190476,-0.0004737659694050944,-0.00556254776018839,0.0038741061842619737,-0.045149956648570584,-0.07138539745193076,-0.020738343294676456
Stats kNN,420,0.4066801044782383,0.15207972148294852,0.2751004278889973,0.18622006553701784,0.08586552775898537,0.22577615983028176,0.20595238095238094,0.11666666666666667,0.04467619067916549,0.01978081195165743,0.07213966137479932,0.0,0.0,0.0
Learned-weight kNN,420,0.39105381234004194,0.1500945213617532,0.2603768365426285,0.17852891207426025,0.08485550179598028,0.21424134706447884,0.2369047619047619,0.10238095238095238,0.029049898540969052,0.0052381952667905456,0.05400040802716125,-0.015626292138196444,-0.029763290281265585,-0.0020477137434063756
Tree-proximity kNN,420,0.3824666059124984,0.1463289395440407,0.25034541718806347,0.18354896455796021,0.08181477824170402,0.20759732206832726,0.21904761904761905,0.1357142857142857,0.020462692113425537,-0.002630572195298518,0.04339059129072063,-0.024213498565739944,-0.03882184386645957,-0.010174202135601293
LightGBM quantile,420,0.35481154577164287,0.14329848559906147,0.2360697173776537,0.15649997353541728,0.077434587519341,0.18283865534354166,0.26904761904761904,0.11666666666666667,-0.007192368027429962,-0.018452935631225346,0.005464288972853161,-0.05186855870659545,-0.0741845331885552,-0.028969388176499522
NGBoost,420,0.4038495971344919,0.16805154504940115,0.2392807300667152,0.21720476085694787,0.08477695190560855,0.2154682990759673,0.4714285714285714,0.2654761904761905,0.04184568333541906,0.0200657535690206,0.0651978796418139,-0.002830507343746423,-0.03248983104294913,0.028097033991867422
Bayesian hierarchical,420,0.366721714370747,0.1436686198390744,0.23837613467239788,0.17885114065385407,0.07681125899454183,0.17967574095018038,0.24047619047619048,0.060714285714285714,0.004717800571674133,-0.019379256517665703,0.02887438005851848,-0.03995839010749136,-0.07335901509073467,-0.007258878022340102
Final blend,420,0.34300054565841376,0.14139293472283632,0.2282350233985162,0.15017018735472357,0.07446304812635664,0.1761827439763484,0.26904761904761904,0.06904761904761905,-0.019003368140659168,-0.03075829515051188,-0.006195621574869261,-0.06367955881982465,-0.09312769872657196,-0.03702252303814163
Final blend + conformal,420,0.3434255800800115,0.1402177602188143,0.22685888810219382,0.1557683550274738,0.07594052547247157,0.17449087896893792,0.31666666666666665,0.07142857142857142,-0.018578333719061382,-0.03195723686199777,-0.005113126440205028,-0.06325452439822686,-0.0938293503250169,-0.035681972128699245
